{
  "total_problems": 3,
  "successful_quantum_runs": 3,
  "successful_classical_runs": 3,
  "overall_speedup": 0.3558959504306624,
  "problem_results": {
    "Portfolio_Optimization": [
      {
        "problem_name": "Portfolio_Optimization",
        "solver_name": "Classical",
        "execution_time": 0.008615255355834961,
        "solution_quality": 0,
        "memory_usage": 0.0078125,
        "energy_consumption": 1.7230510711669922,
        "cost_per_solution": 8.615255355834961e-05,
        "metadata": {
          "problem_size": 50,
          "solver_version": "1.0.0",
          "timestamp": 1756535137.684723
        }
      },
      {
        "problem_name": "Portfolio_Optimization",
        "solver_name": "Quantum",
        "execution_time": 0.0014467239379882812,
        "solution_quality": 0.8743035510149979,
        "memory_usage": 0.18359375,
        "energy_consumption": 1.4467239379882812,
        "cost_per_solution": 0.00014467239379882814,
        "metadata": {
          "problem_size": 50,
          "solver_version": "1.0.0",
          "timestamp": 1756535137.68696
        }
      }
    ],
    "Traveling_Salesman": [
      {
        "problem_name": "Traveling_Salesman",
        "solver_name": "Classical",
        "execution_time": 0.00015115737915039062,
        "solution_quality": -694.755461350136,
        "memory_usage": 0.0,
        "energy_consumption": 0.030231475830078125,
        "cost_per_solution": 1.5115737915039062e-06,
        "metadata": {
          "problem_size": 50,
          "solver_version": "1.0.0",
          "timestamp": 1756535137.6892111
        }
      },
      {
        "problem_name": "Traveling_Salesman",
        "solver_name": "Quantum",
        "execution_time": 0.02312922477722168,
        "solution_quality": -1785.2514521404412,
        "memory_usage": 0.0703125,
        "energy_consumption": 23.12922477722168,
        "cost_per_solution": 0.002312922477722168,
        "metadata": {
          "problem_size": 50,
          "solver_version": "1.0.0",
          "timestamp": 1756535137.7142458
        }
      }
    ],
    "Knapsack_Problem": [
      {
        "problem_name": "Knapsack_Problem",
        "solver_name": "Classical",
        "execution_time": 8.0108642578125e-05,
        "solution_quality": 1695.4181373053173,
        "memory_usage": 0.0,
        "energy_consumption": 0.016021728515625,
        "cost_per_solution": 8.0108642578125e-07,
        "metadata": {
          "problem_size": 50,
          "solver_version": "1.0.0",
          "timestamp": 1756535137.7151957
        }
      },
      {
        "problem_name": "Knapsack_Problem",
        "solver_name": "Quantum",
        "execution_time": 0.0002810955047607422,
        "solution_quality": 981.7815370319075,
        "memory_usage": 0.015625,
        "energy_consumption": 0.2810955047607422,
        "cost_per_solution": 2.810955047607422e-05,
        "metadata": {
          "problem_size": 50,
          "solver_version": "1.0.0",
          "timestamp": 1756535137.7157266
        }
      }
    ]
  },
  "timestamp": 1756535137.7191799,
  "config": {
    "problem_size": 50,
    "iterations": 5,
    "timeout_seconds": 120,
    "output_dir": "benchmark_results",
    "save_detailed": true,
    "compare_solutions": true
  },
  "summary": {
    "classical_success_rate": 1.0,
    "quantum_success_rate": 1.0,
    "average_speedup": 0.3558959504306624,
    "quality_improvement_percent": -180.2064102961972,
    "avg_classical_time": 0.0029488404591878257,
    "avg_quantum_time": 0.0082856814066569,
    "avg_classical_quality": 333.5542253183938,
    "avg_quantum_quality": -267.5318705191729,
    "total_problems": 3
  },
  "recommendations": [
    "\u26a0\ufe0f **Limited quantum speedup** - Focus on quality improvements and larger problem sizes",
    "\ud83d\udd0d **Quality parity** - Focus on speed and cost advantages",
    "\ud83d\udcca **Expand benchmark suite** - Test with larger problem sizes and real-world datasets",
    "\ud83d\udcb0 **Cost analysis** - Quantify total cost of ownership including quantum infrastructure",
    "\ud83c\udf10 **Market positioning** - Use benchmark results for competitive differentiation"
  ]
}